infracao,radar,lat,lon,rodovia,concessionaria,velocidade_max,timestamp,velocidade_medida
1,11,-16.32675,-48.88167,60,BR-060,110,2021-06-16 13:56:07,134.0
2,10,-16.19193,-48.72584,60,BR-060,60,2021-06-16 13:56:07,67.0
3,5,-16.09674,-48.28355,60,BR-060,80,2021-06-16 13:56:16,99.0
4,9,-16.1616,-48.61825,60,BR-060,80,2021-06-16 13:56:20,96.0
5,12,-16.40302,-48.97656,153,BR-153,80,2021-06-16 13:56:26,93.0
6,6,-16.11098,-48.35244,60,BR-060,80,2021-06-16 13:56:29,96.0
7,3,-15.96028,-48.17768,60,BR-060,110,2021-06-16 13:56:30,133.0
8,16,-16.67802,-49.2315,153,BR-153,60,2021-06-16 13:56:31,75.0
9,3,-15.96028,-48.17768,60,BR-060,110,2021-06-16 13:56:31,125.0
10,5,-16.09674,-48.28355,60,BR-060,80,2021-06-16 13:56:32,98.0
11,5,-16.09674,-48.28355,60,BR-060,80,2021-06-16 13:56:33,95.0
12,9,-16.1616,-48.61825,60,BR-060,80,2021-06-16 13:56:35,91.0
13,10,-16.19193,-48.72584,60,BR-060,60,2021-06-16 13:56:38,80.0
14,4,-16.03327,-48.25366,60,BR-060,80,2021-06-16 13:56:40,95.0
15,3,-15.96028,-48.17768,60,BR-060,110,2021-06-16 13:56:42,131.0
16,5,-16.09674,-48.28355,60,BR-060,80,2021-06-16 13:56:42,99.0
17,14,-16.49387,-49.10238,153,BR-153,80,2021-06-16 13:56:43,101.0
18,12,-16.40302,-48.97656,153,BR-153,80,2021-06-16 13:56:45,101.0
19,3,-15.96028,-48.17768,60,BR-060,110,2021-06-16 13:56:47,126.0
20,8,-16.10673,-48.52509,60,BR-060,110,2021-06-16 13:56:48,129.0
21,9,-16.1616,-48.61825,60,BR-060,80,2021-06-16 13:56:52,92.0
22,13,-16.45644,-49.05583,153,BR-153,80,2021-06-16 13:56:57,101.0
23,10,-16.19193,-48.72584,60,BR-060,60,2021-06-16 13:57:01,79.0
24,10,-16.19193,-48.72584,60,BR-060,60,2021-06-16 13:57:04,78.0
25,12,-16.40302,-48.97656,153,BR-153,80,2021-06-16 13:57:06,89.0
26,4,-16.03327,-48.25366,60,BR-060,80,2021-06-16 13:57:07,90.0
27,15,-16.60038,-49.19999,153,BR-153,80,2021-06-16 13:57:08,102.0
28,4,-16.03327,-48.25366,60,BR-060,80,2021-06-16 13:57:08,90.0
29,12,-16.40302,-48.97656,153,BR-153,80,2021-06-16 13:57:11,94.0
30,5,-16.09674,-48.28355,60,BR-060,80,2021-06-16 13:57:11,93.0
31,2,-15.91659,-48.16415,60,BR-060,80,2021-06-16 13:57:12,101.0
32,4,-16.03327,-48.25366,60,BR-060,80,2021-06-16 13:57:17,90.0
33,5,-16.09674,-48.28355,60,BR-060,80,2021-06-16 13:57:21,95.0
34,6,-16.11098,-48.35244,60,BR-060,80,2021-06-16 13:57:21,97.0
35,5,-16.09674,-48.28355,60,BR-060,80,2021-06-16 13:57:22,100.0
36,10,-16.19193,-48.72584,60,BR-060,60,2021-06-16 13:57:22,72.0
37,14,-16.49387,-49.10238,153,BR-153,80,2021-06-16 13:57:25,100.0
38,2,-15.91659,-48.16415,60,BR-060,80,2021-06-16 13:57:25,101.0
39,3,-15.96028,-48.17768,60,BR-060,110,2021-06-16 13:57:26,125.0
40,1,-15.88707,-48.07561,60,BR-060,110,2021-06-16 13:57:30,126.0
41,5,-16.09674,-48.28355,60,BR-060,80,2021-06-16 13:57:31,89.0
42,10,-16.19193,-48.72584,60,BR-060,60,2021-06-16 13:57:32,73.0
43,12,-16.40302,-48.97656,153,BR-153,80,2021-06-16 13:57:35,90.0
44,4,-16.03327,-48.25366,60,BR-060,80,2021-06-16 13:57:36,97.0
45,10,-16.19193,-48.72584,60,BR-060,60,2021-06-16 13:57:37,80.0
46,8,-16.10673,-48.52509,60,BR-060,110,2021-06-16 13:57:39,130.0
47,4,-16.03327,-48.25366,60,BR-060,80,2021-06-16 13:57:39,92.0
48,13,-16.45644,-49.05583,153,BR-153,80,2021-06-16 13:57:39,99.0
49,15,-16.60038,-49.19999,153,BR-153,80,2021-06-16 13:57:41,90.0
50,4,-16.03327,-48.25366,60,BR-060,80,2021-06-16 13:57:43,96.0
51,6,-16.11098,-48.35244,60,BR-060,80,2021-06-16 13:57:46,101.0
52,9,-16.1616,-48.61825,60,BR-060,80,2021-06-16 13:57:48,101.0
53,3,-15.96028,-48.17768,60,BR-060,110,2021-06-16 13:57:49,128.0
54,4,-16.03327,-48.25366,60,BR-060,80,2021-06-16 13:57:50,101.0
55,16,-16.67802,-49.2315,153,BR-153,60,2021-06-16 13:57:51,68.0
56,8,-16.10673,-48.52509,60,BR-060,110,2021-06-16 13:57:52,126.0
57,12,-16.40302,-48.97656,153,BR-153,80,2021-06-16 13:57:55,97.0
58,10,-16.19193,-48.72584,60,BR-060,60,2021-06-16 13:57:56,72.0
59,16,-16.67802,-49.2315,153,BR-153,60,2021-06-16 13:57:57,77.0
60,8,-16.10673,-48.52509,60,BR-060,110,2021-06-16 13:58:04,122.0
61,10,-16.19193,-48.72584,60,BR-060,60,2021-06-16 13:58:15,69.0
62,15,-16.60038,-49.19999,153,BR-153,80,2021-06-16 13:58:16,95.0
63,4,-16.03327,-48.25366,60,BR-060,80,2021-06-16 13:58:19,98.0
64,14,-16.49387,-49.10238,153,BR-153,80,2021-06-16 13:58:20,101.0
65,12,-16.40302,-48.97656,153,BR-153,80,2021-06-16 13:58:21,89.0
66,12,-16.40302,-48.97656,153,BR-153,80,2021-06-16 13:58:23,89.0
67,3,-15.96028,-48.17768,60,BR-060,110,2021-06-16 13:58:23,128.0
68,14,-16.49387,-49.10238,153,BR-153,80,2021-06-16 13:58:24,95.0
69,2,-15.91659,-48.16415,60,BR-060,80,2021-06-16 13:58:28,89.0
70,5,-16.09674,-48.28355,60,BR-060,80,2021-06-16 13:58:31,97.0
71,6,-16.11098,-48.35244,60,BR-060,80,2021-06-16 13:58:32,100.0
72,5,-16.09674,-48.28355,60,BR-060,80,2021-06-16 13:58:33,96.0
73,12,-16.40302,-48.97656,153,BR-153,80,2021-06-16 13:58:37,95.0
74,10,-16.19193,-48.72584,60,BR-060,60,2021-06-16 13:58:43,73.0
75,4,-16.03327,-48.25366,60,BR-060,80,2021-06-16 13:58:44,95.0
76,14,-16.49387,-49.10238,153,BR-153,80,2021-06-16 13:58:47,92.0
77,10,-16.19193,-48.72584,60,BR-060,60,2021-06-16 13:58:48,79.0
78,5,-16.09674,-48.28355,60,BR-060,80,2021-06-16 13:58:49,98.0
79,10,-16.19193,-48.72584,60,BR-060,60,2021-06-16 13:58:53,76.0
80,10,-16.19193,-48.72584,60,BR-060,60,2021-06-16 13:58:54,78.0
81,3,-15.96028,-48.17768,60,BR-060,110,2021-06-16 13:58:55,133.0
82,10,-16.19193,-48.72584,60,BR-060,60,2021-06-16 13:58:59,69.0
83,15,-16.60038,-49.19999,153,BR-153,80,2021-06-16 13:59:01,96.0
84,10,-16.19193,-48.72584,60,BR-060,60,2021-06-16 13:59:03,67.0
85,12,-16.40302,-48.97656,153,BR-153,80,2021-06-16 13:59:04,95.0
86,5,-16.09674,-48.28355,60,BR-060,80,2021-06-16 13:59:05,100.0
87,4,-16.03327,-48.25366,60,BR-060,80,2021-06-16 13:59:08,101.0
88,4,-16.03327,-48.25366,60,BR-060,80,2021-06-16 13:59:13,100.0
89,14,-16.49387,-49.10238,153,BR-153,80,2021-06-16 13:59:16,102.0
90,5,-16.09674,-48.28355,60,BR-060,80,2021-06-16 13:59:17,99.0
91,6,-16.11098,-48.35244,60,BR-060,80,2021-06-16 13:59:17,101.0
92,6,-16.11098,-48.35244,60,BR-060,80,2021-06-16 13:59:18,95.0
93,5,-16.09674,-48.28355,60,BR-060,80,2021-06-16 13:59:19,94.0
94,12,-16.40302,-48.97656,153,BR-153,80,2021-06-16 13:59:22,91.0
95,3,-15.96028,-48.17768,60,BR-060,110,2021-06-16 13:59:22,123.0
96,4,-16.03327,-48.25366,60,BR-060,80,2021-06-16 13:59:22,94.0
97,15,-16.60038,-49.19999,153,BR-153,80,2021-06-16 13:59:24,102.0
98,3,-15.96028,-48.17768,60,BR-060,110,2021-06-16 13:59:25,134.0
99,1,-15.88707,-48.07561,60,BR-060,110,2021-06-16 13:59:25,124.0
100,10,-16.19193,-48.72584,60,BR-060,60,2021-06-16 13:59:26,71.0
101,12,-16.40302,-48.97656,153,BR-153,80,2021-06-16 13:59:27,91.0
102,12,-16.40302,-48.97656,153,BR-153,80,2021-06-16 13:59:28,98.0
103,10,-16.19193,-48.72584,60,BR-060,60,2021-06-16 13:59:29,76.0
104,10,-16.19193,-48.72584,60,BR-060,60,2021-06-16 13:59:30,79.0
105,10,-16.19193,-48.72584,60,BR-060,60,2021-06-16 13:59:30,75.0
106,6,-16.11098,-48.35244,60,BR-060,80,2021-06-16 13:59:32,97.0
107,10,-16.19193,-48.72584,60,BR-060,60,2021-06-16 13:59:32,69.0
108,15,-16.60038,-49.19999,153,BR-153,80,2021-06-16 13:59:33,89.0
109,4,-16.03327,-48.25366,60,BR-060,80,2021-06-16 13:59:34,102.0
110,16,-16.67802,-49.2315,153,BR-153,60,2021-06-16 13:59:37,68.0
111,9,-16.1616,-48.61825,60,BR-060,80,2021-06-16 13:59:37,98.0
112,15,-16.60038,-49.19999,153,BR-153,80,2021-06-16 13:59:38,92.0
113,16,-16.67802,-49.2315,153,BR-153,60,2021-06-16 13:59:40,76.0
114,12,-16.40302,-48.97656,153,BR-153,80,2021-06-16 13:59:40,95.0
115,4,-16.03327,-48.25366,60,BR-060,80,2021-06-16 13:59:42,99.0
116,3,-15.96028,-48.17768,60,BR-060,110,2021-06-16 13:59:45,126.0
117,6,-16.11098,-48.35244,60,BR-060,80,2021-06-16 13:59:46,98.0
118,12,-16.40302,-48.97656,153,BR-153,80,2021-06-16 13:59:47,99.0
119,4,-16.03327,-48.25366,60,BR-060,80,2021-06-16 13:59:49,93.0
120,10,-16.19193,-48.72584,60,BR-060,60,2021-06-16 13:59:51,78.0
121,15,-16.60038,-49.19999,153,BR-153,80,2021-06-16 13:59:52,101.0
122,16,-16.67802,-49.2315,153,BR-153,60,2021-06-16 13:59:52,67.0
123,3,-15.96028,-48.17768,60,BR-060,110,2021-06-16 13:59:52,124.0
124,10,-16.19193,-48.72584,60,BR-060,60,2021-06-16 13:59:52,69.0
125,10,-16.19193,-48.72584,60,BR-060,60,2021-06-16 13:59:53,75.0
126,8,-16.10673,-48.52509,60,BR-060,110,2021-06-16 13:59:55,131.0
127,2,-15.91659,-48.16415,60,BR-060,80,2021-06-16 13:59:55,93.0
128,3,-15.96028,-48.17768,60,BR-060,110,2021-06-16 13:59:59,130.0
129,4,-16.03327,-48.25366,60,BR-060,80,2021-06-16 14:00:01,96.0
130,10,-16.19193,-48.72584,60,BR-060,60,2021-06-16 14:00:01,75.0
131,4,-16.03327,-48.25366,60,BR-060,80,2021-06-16 14:00:03,97.0
132,9,-16.1616,-48.61825,60,BR-060,80,2021-06-16 14:00:04,99.0
133,13,-16.45644,-49.05583,153,BR-153,80,2021-06-16 14:00:04,93.0
134,10,-16.19193,-48.72584,60,BR-060,60,2021-06-16 14:00:05,68.0
135,10,-16.19193,-48.72584,60,BR-060,60,2021-06-16 14:00:05,74.0
136,11,-16.32675,-48.88167,60,BR-060,110,2021-06-16 14:00:05,130.0
137,13,-16.45644,-49.05583,153,BR-153,80,2021-06-16 14:00:05,101.0
138,12,-16.40302,-48.97656,153,BR-153,80,2021-06-16 14:00:06,102.0
139,5,-16.09674,-48.28355,60,BR-060,80,2021-06-16 14:00:06,99.0
140,13,-16.45644,-49.05583,153,BR-153,80,2021-06-16 14:00:11,90.0
141,5,-16.09674,-48.28355,60,BR-060,80,2021-06-16 14:00:12,94.0
142,16,-16.67802,-49.2315,153,BR-153,60,2021-06-16 14:00:14,77.0
143,15,-16.60038,-49.19999,153,BR-153,80,2021-06-16 14:00:17,96.0
144,3,-15.96028,-48.17768,60,BR-060,110,2021-06-16 14:00:19,130.0
145,5,-16.09674,-48.28355,60,BR-060,80,2021-06-16 14:00:19,96.0
146,3,-15.96028,-48.17768,60,BR-060,110,2021-06-16 14:00:21,129.0
147,3,-15.96028,-48.17768,60,BR-060,110,2021-06-16 14:00:24,132.0
148,14,-16.49387,-49.10238,153,BR-153,80,2021-06-16 14:00:25,95.0
149,12,-16.40302,-48.97656,153,BR-153,80,2021-06-16 14:00:26,101.0
150,12,-16.40302,-48.97656,153,BR-153,80,2021-06-16 14:00:32,93.0
151,3,-15.96028,-48.17768,60,BR-060,110,2021-06-16 14:00:32,126.0
152,4,-16.03327,-48.25366,60,BR-060,80,2021-06-16 14:00:37,96.0
153,8,-16.10673,-48.52509,60,BR-060,110,2021-06-16 14:00:37,131.0
154,16,-16.67802,-49.2315,153,BR-153,60,2021-06-16 14:00:37,76.0
155,15,-16.60038,-49.19999,153,BR-153,80,2021-06-16 14:00:38,92.0
156,10,-16.19193,-48.72584,60,BR-060,60,2021-06-16 14:00:41,78.0
157,4,-16.03327,-48.25366,60,BR-060,80,2021-06-16 14:00:42,101.0
158,12,-16.40302,-48.97656,153,BR-153,80,2021-06-16 14:00:43,98.0
159,13,-16.45644,-49.05583,153,BR-153,80,2021-06-16 14:00:43,99.0
160,16,-16.67802,-49.2315,153,BR-153,60,2021-06-16 14:00:43,71.0
161,5,-16.09674,-48.28355,60,BR-060,80,2021-06-16 14:00:46,102.0
162,4,-16.03327,-48.25366,60,BR-060,80,2021-06-16 14:00:48,94.0
163,16,-16.67802,-49.2315,153,BR-153,60,2021-06-16 14:00:49,75.0
164,4,-16.03327,-48.25366,60,BR-060,80,2021-06-16 14:00:50,99.0
165,3,-15.96028,-48.17768,60,BR-060,110,2021-06-16 14:00:52,130.0
166,6,-16.11098,-48.35244,60,BR-060,80,2021-06-16 14:00:52,98.0
167,8,-16.10673,-48.52509,60,BR-060,110,2021-06-16 14:00:54,123.0
168,16,-16.67802,-49.2315,153,BR-153,60,2021-06-16 14:00:54,69.0
169,8,-16.10673,-48.52509,60,BR-060,110,2021-06-16 14:00:54,135.0
170,12,-16.40302,-48.97656,153,BR-153,80,2021-06-16 14:00:56,89.0
171,15,-16.60038,-49.19999,153,BR-153,80,2021-06-16 14:01:02,98.0
172,3,-15.96028,-48.17768,60,BR-060,110,2021-06-16 14:01:03,126.0
173,11,-16.32675,-48.88167,60,BR-060,110,2021-06-16 14:01:10,123.0
174,7,-16.12116,-48.42643,60,BR-060,80,2021-06-16 14:01:12,92.0
175,3,-15.96028,-48.17768,60,BR-060,110,2021-06-16 14:01:12,133.0
176,13,-16.45644,-49.05583,153,BR-153,80,2021-06-16 14:01:13,97.0
177,8,-16.10673,-48.52509,60,BR-060,110,2021-06-16 14:01:15,123.0
178,16,-16.67802,-49.2315,153,BR-153,60,2021-06-16 14:01:19,67.0
179,12,-16.40302,-48.97656,153,BR-153,80,2021-06-16 14:01:20,93.0
180,2,-15.91659,-48.16415,60,BR-060,80,2021-06-16 14:01:21,97.0
181,4,-16.03327,-48.25366,60,BR-060,80,2021-06-16 14:01:21,92.0
182,2,-15.91659,-48.16415,60,BR-060,80,2021-06-16 14:01:23,91.0
183,2,-15.91659,-48.16415,60,BR-060,80,2021-06-16 14:01:24,94.0
184,9,-16.1616,-48.61825,60,BR-060,80,2021-06-16 14:01:26,94.0
185,5,-16.09674,-48.28355,60,BR-060,80,2021-06-16 14:01:28,91.0
186,7,-16.12116,-48.42643,60,BR-060,80,2021-06-16 14:01:37,90.0
187,15,-16.60038,-49.19999,153,BR-153,80,2021-06-16 14:01:42,102.0
188,8,-16.10673,-48.52509,60,BR-060,110,2021-06-16 14:01:44,128.0
189,4,-16.03327,-48.25366,60,BR-060,80,2021-06-16 14:01:44,100.0
190,2,-15.91659,-48.16415,60,BR-060,80,2021-06-16 14:01:49,90.0
191,4,-16.03327,-48.25366,60,BR-060,80,2021-06-16 14:01:55,91.0
192,10,-16.19193,-48.72584,60,BR-060,60,2021-06-16 14:01:57,67.0
193,1,-15.88707,-48.07561,60,BR-060,110,2021-06-16 14:01:58,125.0
194,10,-16.19193,-48.72584,60,BR-060,60,2021-06-16 14:02:00,75.0
195,1,-15.88707,-48.07561,60,BR-060,110,2021-06-16 14:02:00,130.0
196,5,-16.09674,-48.28355,60,BR-060,80,2021-06-16 14:02:01,96.0
197,15,-16.60038,-49.19999,153,BR-153,80,2021-06-16 14:02:01,100.0
198,10,-16.19193,-48.72584,60,BR-060,60,2021-06-16 14:02:10,69.0
199,9,-16.1616,-48.61825,60,BR-060,80,2021-06-16 14:02:10,91.0
200,3,-15.96028,-48.17768,60,BR-060,110,2021-06-16 14:02:17,130.0
201,4,-16.03327,-48.25366,60,BR-060,80,2021-06-16 14:02:24,97.0
202,2,-15.91659,-48.16415,60,BR-060,80,2021-06-16 14:02:25,92.0
203,15,-16.60038,-49.19999,153,BR-153,80,2021-06-16 14:02:27,100.0
204,16,-16.67802,-49.2315,153,BR-153,60,2021-06-16 14:02:29,79.0
205,14,-16.49387,-49.10238,153,BR-153,80,2021-06-16 14:02:29,93.0
206,16,-16.67802,-49.2315,153,BR-153,60,2021-06-16 14:02:32,71.0
207,9,-16.1616,-48.61825,60,BR-060,80,2021-06-16 14:02:36,101.0
208,14,-16.49387,-49.10238,153,BR-153,80,2021-06-16 14:02:40,102.0
209,12,-16.40302,-48.97656,153,BR-153,80,2021-06-16 14:02:44,95.0
210,6,-16.11098,-48.35244,60,BR-060,80,2021-06-16 14:02:45,101.0
211,16,-16.67802,-49.2315,153,BR-153,60,2021-06-16 14:02:50,69.0
212,3,-15.96028,-48.17768,60,BR-060,110,2021-06-16 14:02:50,134.0
213,2,-15.91659,-48.16415,60,BR-060,80,2021-06-16 14:03:00,91.0
214,8,-16.10673,-48.52509,60,BR-060,110,2021-06-16 14:03:02,132.0
215,15,-16.60038,-49.19999,153,BR-153,80,2021-06-16 14:03:03,100.0
216,10,-16.19193,-48.72584,60,BR-060,60,2021-06-16 14:03:11,70.0
217,13,-16.45644,-49.05583,153,BR-153,80,2021-06-16 14:03:12,96.0
218,13,-16.45644,-49.05583,153,BR-153,80,2021-06-16 14:03:14,101.0
219,5,-16.09674,-48.28355,60,BR-060,80,2021-06-16 14:03:14,101.0
220,7,-16.12116,-48.42643,60,BR-060,80,2021-06-16 14:03:15,89.0
221,10,-16.19193,-48.72584,60,BR-060,60,2021-06-16 14:03:15,79.0
222,11,-16.32675,-48.88167,60,BR-060,110,2021-06-16 14:03:17,128.0
223,16,-16.67802,-49.2315,153,BR-153,60,2021-06-16 14:03:24,71.0
224,4,-16.03327,-48.25366,60,BR-060,80,2021-06-16 14:03:25,93.0
225,11,-16.32675,-48.88167,60,BR-060,110,2021-06-16 14:03:29,123.0
226,5,-16.09674,-48.28355,60,BR-060,80,2021-06-16 14:03:31,98.0
227,3,-15.96028,-48.17768,60,BR-060,110,2021-06-16 14:03:32,126.0
228,12,-16.40302,-48.97656,153,BR-153,80,2021-06-16 14:03:35,94.0
229,3,-15.96028,-48.17768,60,BR-060,110,2021-06-16 14:03:39,132.0
230,10,-16.19193,-48.72584,60,BR-060,60,2021-06-16 14:03:40,78.0
231,4,-16.03327,-48.25366,60,BR-060,80,2021-06-16 14:03:40,94.0
232,10,-16.19193,-48.72584,60,BR-060,60,2021-06-16 14:03:41,70.0
233,5,-16.09674,-48.28355,60,BR-060,80,2021-06-16 14:03:42,95.0
234,8,-16.10673,-48.52509,60,BR-060,110,2021-06-16 14:03:44,126.0
235,10,-16.19193,-48.72584,60,BR-060,60,2021-06-16 14:03:46,74.0
236,14,-16.49387,-49.10238,153,BR-153,80,2021-06-16 14:03:48,99.0
237,2,-15.91659,-48.16415,60,BR-060,80,2021-06-16 14:03:49,90.0
238,13,-16.45644,-49.05583,153,BR-153,80,2021-06-16 14:03:51,92.0
239,10,-16.19193,-48.72584,60,BR-060,60,2021-06-16 14:03:55,73.0
240,5,-16.09674,-48.28355,60,BR-060,80,2021-06-16 14:03:58,101.0
241,13,-16.45644,-49.05583,153,BR-153,80,2021-06-16 14:04:06,96.0
242,5,-16.09674,-48.28355,60,BR-060,80,2021-06-16 14:04:14,90.0
243,1,-15.88707,-48.07561,60,BR-060,110,2021-06-16 14:04:15,129.0
244,2,-15.91659,-48.16415,60,BR-060,80,2021-06-16 14:04:15,91.0
245,12,-16.40302,-48.97656,153,BR-153,80,2021-06-16 14:04:19,92.0
246,11,-16.32675,-48.88167,60,BR-060,110,2021-06-16 14:04:20,133.0
247,8,-16.10673,-48.52509,60,BR-060,110,2021-06-16 14:04:21,130.0
248,1,-15.88707,-48.07561,60,BR-060,110,2021-06-16 14:04:24,124.0
249,4,-16.03327,-48.25366,60,BR-060,80,2021-06-16 14:04:25,90.0
250,16,-16.67802,-49.2315,153,BR-153,60,2021-06-16 14:04:26,74.0
251,13,-16.45644,-49.05583,153,BR-153,80,2021-06-16 14:04:28,92.0
252,10,-16.19193,-48.72584,60,BR-060,60,2021-06-16 14:04:29,75.0
253,1,-15.88707,-48.07561,60,BR-060,110,2021-06-16 14:04:33,125.0
254,15,-16.60038,-49.19999,153,BR-153,80,2021-06-16 14:04:34,92.0
255,15,-16.60038,-49.19999,153,BR-153,80,2021-06-16 14:04:35,89.0
256,14,-16.49387,-49.10238,153,BR-153,80,2021-06-16 14:04:37,96.0
257,12,-16.40302,-48.97656,153,BR-153,80,2021-06-16 14:04:39,99.0
258,12,-16.40302,-48.97656,153,BR-153,80,2021-06-16 14:04:43,96.0
259,7,-16.12116,-48.42643,60,BR-060,80,2021-06-16 14:04:49,96.0
260,14,-16.49387,-49.10238,153,BR-153,80,2021-06-16 14:04:52,99.0
261,11,-16.32675,-48.88167,60,BR-060,110,2021-06-16 14:04:53,130.0
262,16,-16.67802,-49.2315,153,BR-153,60,2021-06-16 14:04:56,77.0
263,12,-16.40302,-48.97656,153,BR-153,80,2021-06-16 14:04:58,90.0
264,3,-15.96028,-48.17768,60,BR-060,110,2021-06-16 14:05:00,127.0
265,4,-16.03327,-48.25366,60,BR-060,80,2021-06-16 14:05:05,93.0
266,2,-15.91659,-48.16415,60,BR-060,80,2021-06-16 14:05:05,91.0
267,16,-16.67802,-49.2315,153,BR-153,60,2021-06-16 14:05:07,68.0
268,1,-15.88707,-48.07561,60,BR-060,110,2021-06-16 14:05:08,133.0
269,10,-16.19193,-48.72584,60,BR-060,60,2021-06-16 14:05:08,76.0
270,3,-15.96028,-48.17768,60,BR-060,110,2021-06-16 14:05:10,129.0
271,16,-16.67802,-49.2315,153,BR-153,60,2021-06-16 14:05:11,69.0
272,2,-15.91659,-48.16415,60,BR-060,80,2021-06-16 14:05:11,98.0
273,15,-16.60038,-49.19999,153,BR-153,80,2021-06-16 14:05:12,95.0
274,12,-16.40302,-48.97656,153,BR-153,80,2021-06-16 14:05:17,93.0
275,16,-16.67802,-49.2315,153,BR-153,60,2021-06-16 14:05:21,74.0
276,5,-16.09674,-48.28355,60,BR-060,80,2021-06-16 14:05:22,89.0
277,12,-16.40302,-48.97656,153,BR-153,80,2021-06-16 14:05:22,94.0
278,10,-16.19193,-48.72584,60,BR-060,60,2021-06-16 14:05:27,78.0
279,13,-16.45644,-49.05583,153,BR-153,80,2021-06-16 14:05:28,98.0
280,15,-16.60038,-49.19999,153,BR-153,80,2021-06-16 14:05:28,90.0
281,16,-16.67802,-49.2315,153,BR-153,60,2021-06-16 14:05:29,77.0
282,3,-15.96028,-48.17768,60,BR-060,110,2021-06-16 14:05:30,129.0
283,15,-16.60038,-49.19999,153,BR-153,80,2021-06-16 14:05:34,91.0
284,10,-16.19193,-48.72584,60,BR-060,60,2021-06-16 14:05:34,72.0
285,3,-15.96028,-48.17768,60,BR-060,110,2021-06-16 14:05:37,134.0
286,1,-15.88707,-48.07561,60,BR-060,110,2021-06-16 14:05:37,129.0
287,4,-16.03327,-48.25366,60,BR-060,80,2021-06-16 14:05:37,93.0
288,10,-16.19193,-48.72584,60,BR-060,60,2021-06-16 14:05:41,78.0
289,12,-16.40302,-48.97656,153,BR-153,80,2021-06-16 14:05:45,100.0
290,2,-15.91659,-48.16415,60,BR-060,80,2021-06-16 14:05:47,101.0
291,13,-16.45644,-49.05583,153,BR-153,80,2021-06-16 14:05:53,102.0
292,13,-16.45644,-49.05583,153,BR-153,80,2021-06-16 14:05:54,98.0
293,10,-16.19193,-48.72584,60,BR-060,60,2021-06-16 14:05:56,70.0
294,12,-16.40302,-48.97656,153,BR-153,80,2021-06-16 14:05:57,97.0
295,12,-16.40302,-48.97656,153,BR-153,80,2021-06-16 14:06:05,92.0
296,15,-16.60038,-49.19999,153,BR-153,80,2021-06-16 14:06:06,100.0
297,3,-15.96028,-48.17768,60,BR-060,110,2021-06-16 14:06:07,132.0
298,16,-16.67802,-49.2315,153,BR-153,60,2021-06-16 14:06:11,71.0
299,13,-16.45644,-49.05583,153,BR-153,80,2021-06-16 14:06:11,96.0
300,14,-16.49387,-49.10238,153,BR-153,80,2021-06-16 14:06:12,91.0
301,8,-16.10673,-48.52509,60,BR-060,110,2021-06-16 14:06:14,125.0
302,6,-16.11098,-48.35244,60,BR-060,80,2021-06-16 14:06:14,93.0
303,4,-16.03327,-48.25366,60,BR-060,80,2021-06-16 14:06:15,93.0
304,16,-16.67802,-49.2315,153,BR-153,60,2021-06-16 14:06:18,78.0
305,5,-16.09674,-48.28355,60,BR-060,80,2021-06-16 14:06:18,95.0
306,10,-16.19193,-48.72584,60,BR-060,60,2021-06-16 14:06:22,70.0
307,8,-16.10673,-48.52509,60,BR-060,110,2021-06-16 14:06:25,131.0
308,10,-16.19193,-48.72584,60,BR-060,60,2021-06-16 14:06:25,80.0
309,10,-16.19193,-48.72584,60,BR-060,60,2021-06-16 14:06:26,68.0
310,8,-16.10673,-48.52509,60,BR-060,110,2021-06-16 14:06:28,135.0
311,13,-16.45644,-49.05583,153,BR-153,80,2021-06-16 14:06:30,102.0
312,4,-16.03327,-48.25366,60,BR-060,80,2021-06-16 14:06:33,94.0
313,2,-15.91659,-48.16415,60,BR-060,80,2021-06-16 14:06:36,89.0
314,16,-16.67802,-49.2315,153,BR-153,60,2021-06-16 14:06:38,71.0
315,7,-16.12116,-48.42643,60,BR-060,80,2021-06-16 14:06:39,95.0
316,3,-15.96028,-48.17768,60,BR-060,110,2021-06-16 14:06:40,128.0
317,9,-16.1616,-48.61825,60,BR-060,80,2021-06-16 14:06:40,92.0
318,12,-16.40302,-48.97656,153,BR-153,80,2021-06-16 14:06:46,97.0
319,12,-16.40302,-48.97656,153,BR-153,80,2021-06-16 14:06:49,93.0
320,12,-16.40302,-48.97656,153,BR-153,80,2021-06-16 14:06:51,90.0
321,11,-16.32675,-48.88167,60,BR-060,110,2021-06-16 14:06:56,123.0
322,11,-16.32675,-48.88167,60,BR-060,110,2021-06-16 14:06:56,130.0
323,15,-16.60038,-49.19999,153,BR-153,80,2021-06-16 14:06:59,91.0
324,3,-15.96028,-48.17768,60,BR-060,110,2021-06-16 14:07:03,133.0
325,15,-16.60038,-49.19999,153,BR-153,80,2021-06-16 14:07:05,97.0
326,2,-15.91659,-48.16415,60,BR-060,80,2021-06-16 14:07:09,93.0
327,5,-16.09674,-48.28355,60,BR-060,80,2021-06-16 14:07:14,94.0
328,4,-16.03327,-48.25366,60,BR-060,80,2021-06-16 14:07:16,98.0
329,1,-15.88707,-48.07561,60,BR-060,110,2021-06-16 14:07:21,132.0
330,10,-16.19193,-48.72584,60,BR-060,60,2021-06-16 14:07:25,74.0
331,11,-16.32675,-48.88167,60,BR-060,110,2021-06-16 14:07:27,124.0
332,16,-16.67802,-49.2315,153,BR-153,60,2021-06-16 14:07:29,79.0
333,8,-16.10673,-48.52509,60,BR-060,110,2021-06-16 14:07:30,131.0
334,4,-16.03327,-48.25366,60,BR-060,80,2021-06-16 14:07:33,93.0
335,16,-16.67802,-49.2315,153,BR-153,60,2021-06-16 14:07:36,75.0
336,12,-16.40302,-48.97656,153,BR-153,80,2021-06-16 14:07:38,98.0
337,7,-16.12116,-48.42643,60,BR-060,80,2021-06-16 14:07:39,99.0
338,4,-16.03327,-48.25366,60,BR-060,80,2021-06-16 14:07:39,95.0
339,14,-16.49387,-49.10238,153,BR-153,80,2021-06-16 14:07:41,97.0
340,16,-16.67802,-49.2315,153,BR-153,60,2021-06-16 14:07:47,79.0
341,15,-16.60038,-49.19999,153,BR-153,80,2021-06-16 14:07:51,96.0
342,10,-16.19193,-48.72584,60,BR-060,60,2021-06-16 14:07:53,68.0
343,12,-16.40302,-48.97656,153,BR-153,80,2021-06-16 14:07:57,92.0
344,5,-16.09674,-48.28355,60,BR-060,80,2021-06-16 14:08:00,100.0
345,14,-16.49387,-49.10238,153,BR-153,80,2021-06-16 14:08:07,92.0
346,16,-16.67802,-49.2315,153,BR-153,60,2021-06-16 14:08:07,75.0
347,8,-16.10673,-48.52509,60,BR-060,110,2021-06-16 14:08:12,131.0
348,10,-16.19193,-48.72584,60,BR-060,60,2021-06-16 14:08:19,80.0
349,8,-16.10673,-48.52509,60,BR-060,110,2021-06-16 14:08:20,133.0
350,9,-16.1616,-48.61825,60,BR-060,80,2021-06-16 14:08:20,102.0
351,7,-16.12116,-48.42643,60,BR-060,80,2021-06-16 14:08:21,98.0
352,12,-16.40302,-48.97656,153,BR-153,80,2021-06-16 14:08:23,89.0
353,4,-16.03327,-48.25366,60,BR-060,80,2021-06-16 14:08:26,93.0
354,2,-15.91659,-48.16415,60,BR-060,80,2021-06-16 14:08:28,101.0
355,10,-16.19193,-48.72584,60,BR-060,60,2021-06-16 14:08:28,69.0
356,5,-16.09674,-48.28355,60,BR-060,80,2021-06-16 14:08:32,102.0
357,4,-16.03327,-48.25366,60,BR-060,80,2021-06-16 14:08:33,96.0
358,4,-16.03327,-48.25366,60,BR-060,80,2021-06-16 14:08:35,101.0
359,8,-16.10673,-48.52509,60,BR-060,110,2021-06-16 14:08:37,126.0
360,10,-16.19193,-48.72584,60,BR-060,60,2021-06-16 14:08:39,79.0
361,2,-15.91659,-48.16415,60,BR-060,80,2021-06-16 14:08:41,101.0
362,4,-16.03327,-48.25366,60,BR-060,80,2021-06-16 14:08:42,101.0
363,12,-16.40302,-48.97656,153,BR-153,80,2021-06-16 14:08:44,97.0
364,10,-16.19193,-48.72584,60,BR-060,60,2021-06-16 14:08:45,72.0
365,4,-16.03327,-48.25366,60,BR-060,80,2021-06-16 14:08:48,98.0
366,12,-16.40302,-48.97656,153,BR-153,80,2021-06-16 14:08:48,98.0
367,12,-16.40302,-48.97656,153,BR-153,80,2021-06-16 14:08:50,98.0
368,10,-16.19193,-48.72584,60,BR-060,60,2021-06-16 14:08:51,71.0
369,13,-16.45644,-49.05583,153,BR-153,80,2021-06-16 14:08:54,101.0
370,3,-15.96028,-48.17768,60,BR-060,110,2021-06-16 14:08:57,129.0
371,10,-16.19193,-48.72584,60,BR-060,60,2021-06-16 14:08:57,79.0
372,2,-15.91659,-48.16415,60,BR-060,80,2021-06-16 14:08:58,96.0
373,5,-16.09674,-48.28355,60,BR-060,80,2021-06-16 14:08:59,89.0
374,15,-16.60038,-49.19999,153,BR-153,80,2021-06-16 14:09:00,99.0
375,11,-16.32675,-48.88167,60,BR-060,110,2021-06-16 14:09:01,122.0
376,2,-15.91659,-48.16415,60,BR-060,80,2021-06-16 14:09:01,102.0
377,3,-15.96028,-48.17768,60,BR-060,110,2021-06-16 14:09:01,128.0
378,10,-16.19193,-48.72584,60,BR-060,60,2021-06-16 14:09:03,67.0
379,4,-16.03327,-48.25366,60,BR-060,80,2021-06-16 14:09:03,101.0
380,12,-16.40302,-48.97656,153,BR-153,80,2021-06-16 14:09:06,90.0
381,6,-16.11098,-48.35244,60,BR-060,80,2021-06-16 14:09:09,101.0
382,15,-16.60038,-49.19999,153,BR-153,80,2021-06-16 14:09:10,97.0
383,13,-16.45644,-49.05583,153,BR-153,80,2021-06-16 14:09:10,96.0
384,11,-16.32675,-48.88167,60,BR-060,110,2021-06-16 14:09:12,129.0
385,4,-16.03327,-48.25366,60,BR-060,80,2021-06-16 14:09:14,97.0
386,12,-16.40302,-48.97656,153,BR-153,80,2021-06-16 14:09:16,91.0
387,10,-16.19193,-48.72584,60,BR-060,60,2021-06-16 14:09:18,75.0
388,11,-16.32675,-48.88167,60,BR-060,110,2021-06-16 14:09:19,135.0
389,8,-16.10673,-48.52509,60,BR-060,110,2021-06-16 14:09:20,133.0
390,8,-16.10673,-48.52509,60,BR-060,110,2021-06-16 14:09:21,134.0
391,4,-16.03327,-48.25366,60,BR-060,80,2021-06-16 14:09:23,90.0
392,14,-16.49387,-49.10238,153,BR-153,80,2021-06-16 14:09:24,89.0
393,2,-15.91659,-48.16415,60,BR-060,80,2021-06-16 14:09:29,89.0
394,6,-16.11098,-48.35244,60,BR-060,80,2021-06-16 14:09:32,90.0
395,12,-16.40302,-48.97656,153,BR-153,80,2021-06-16 14:09:33,91.0
396,15,-16.60038,-49.19999,153,BR-153,80,2021-06-16 14:09:35,94.0
397,3,-15.96028,-48.17768,60,BR-060,110,2021-06-16 14:09:39,126.0
398,11,-16.32675,-48.88167,60,BR-060,110,2021-06-16 14:09:40,124.0
399,11,-16.32675,-48.88167,60,BR-060,110,2021-06-16 14:09:42,123.0
400,5,-16.09674,-48.28355,60,BR-060,80,2021-06-16 14:09:43,93.0
401,12,-16.40302,-48.97656,153,BR-153,80,2021-06-16 14:09:43,89.0
402,3,-15.96028,-48.17768,60,BR-060,110,2021-06-16 14:09:46,134.0
403,15,-16.60038,-49.19999,153,BR-153,80,2021-06-16 14:09:50,97.0
404,12,-16.40302,-48.97656,153,BR-153,80,2021-06-16 14:09:51,91.0
405,3,-15.96028,-48.17768,60,BR-060,110,2021-06-16 14:09:57,128.0
406,16,-16.67802,-49.2315,153,BR-153,60,2021-06-16 14:10:01,78.0
407,12,-16.40302,-48.97656,153,BR-153,80,2021-06-16 14:10:03,100.0
408,4,-16.03327,-48.25366,60,BR-060,80,2021-06-16 14:10:04,98.0
409,3,-15.96028,-48.17768,60,BR-060,110,2021-06-16 14:10:04,130.0
410,10,-16.19193,-48.72584,60,BR-060,60,2021-06-16 14:10:08,67.0
411,6,-16.11098,-48.35244,60,BR-060,80,2021-06-16 14:10:09,92.0
412,12,-16.40302,-48.97656,153,BR-153,80,2021-06-16 14:10:10,92.0
413,4,-16.03327,-48.25366,60,BR-060,80,2021-06-16 14:10:12,100.0
414,12,-16.40302,-48.97656,153,BR-153,80,2021-06-16 14:10:14,90.0
415,7,-16.12116,-48.42643,60,BR-060,80,2021-06-16 14:10:19,96.0
416,5,-16.09674,-48.28355,60,BR-060,80,2021-06-16 14:10:20,98.0
417,12,-16.40302,-48.97656,153,BR-153,80,2021-06-16 14:10:26,102.0
418,4,-16.03327,-48.25366,60,BR-060,80,2021-06-16 14:10:26,100.0
419,14,-16.49387,-49.10238,153,BR-153,80,2021-06-16 14:10:27,99.0
420,3,-15.96028,-48.17768,60,BR-060,110,2021-06-16 14:10:27,129.0
421,16,-16.67802,-49.2315,153,BR-153,60,2021-06-16 14:10:29,68.0
422,3,-15.96028,-48.17768,60,BR-060,110,2021-06-16 14:10:29,125.0
423,16,-16.67802,-49.2315,153,BR-153,60,2021-06-16 14:10:33,69.0
424,16,-16.67802,-49.2315,153,BR-153,60,2021-06-16 14:10:35,80.0
425,3,-15.96028,-48.17768,60,BR-060,110,2021-06-16 14:10:36,129.0
426,4,-16.03327,-48.25366,60,BR-060,80,2021-06-16 14:10:39,97.0
427,4,-16.03327,-48.25366,60,BR-060,80,2021-06-16 14:10:41,94.0
428,9,-16.1616,-48.61825,60,BR-060,80,2021-06-16 14:10:46,90.0
429,15,-16.60038,-49.19999,153,BR-153,80,2021-06-16 14:10:48,93.0
430,4,-16.03327,-48.25366,60,BR-060,80,2021-06-16 14:10:49,95.0
431,12,-16.40302,-48.97656,153,BR-153,80,2021-06-16 14:10:52,89.0
432,5,-16.09674,-48.28355,60,BR-060,80,2021-06-16 14:10:53,93.0
433,16,-16.67802,-49.2315,153,BR-153,60,2021-06-16 14:10:53,69.0
434,6,-16.11098,-48.35244,60,BR-060,80,2021-06-16 14:10:54,100.0
435,3,-15.96028,-48.17768,60,BR-060,110,2021-06-16 14:10:54,135.0
436,3,-15.96028,-48.17768,60,BR-060,110,2021-06-16 14:10:57,124.0
437,3,-15.96028,-48.17768,60,BR-060,110,2021-06-16 14:10:57,129.0
438,3,-15.96028,-48.17768,60,BR-060,110,2021-06-16 14:11:02,125.0
439,7,-16.12116,-48.42643,60,BR-060,80,2021-06-16 14:11:04,102.0
440,2,-15.91659,-48.16415,60,BR-060,80,2021-06-16 14:11:05,95.0
441,4,-16.03327,-48.25366,60,BR-060,80,2021-06-16 14:11:06,93.0
442,8,-16.10673,-48.52509,60,BR-060,110,2021-06-16 14:11:08,134.0
443,2,-15.91659,-48.16415,60,BR-060,80,2021-06-16 14:11:11,100.0
444,4,-16.03327,-48.25366,60,BR-060,80,2021-06-16 14:11:13,93.0
445,11,-16.32675,-48.88167,60,BR-060,110,2021-06-16 14:11:16,132.0
446,1,-15.88707,-48.07561,60,BR-060,110,2021-06-16 14:11:18,132.0
447,12,-16.40302,-48.97656,153,BR-153,80,2021-06-16 14:11:19,99.0
448,15,-16.60038,-49.19999,153,BR-153,80,2021-06-16 14:11:28,94.0
449,11,-16.32675,-48.88167,60,BR-060,110,2021-06-16 14:11:30,126.0
450,15,-16.60038,-49.19999,153,BR-153,80,2021-06-16 14:11:38,100.0
451,16,-16.67802,-49.2315,153,BR-153,60,2021-06-16 14:11:38,74.0
452,12,-16.40302,-48.97656,153,BR-153,80,2021-06-16 14:11:40,94.0
453,8,-16.10673,-48.52509,60,BR-060,110,2021-06-16 14:11:41,132.0
454,5,-16.09674,-48.28355,60,BR-060,80,2021-06-16 14:11:44,99.0
455,10,-16.19193,-48.72584,60,BR-060,60,2021-06-16 14:11:45,72.0
456,5,-16.09674,-48.28355,60,BR-060,80,2021-06-16 14:11:46,100.0
457,4,-16.03327,-48.25366,60,BR-060,80,2021-06-16 14:11:53,92.0
458,5,-16.09674,-48.28355,60,BR-060,80,2021-06-16 14:11:55,98.0
459,6,-16.11098,-48.35244,60,BR-060,80,2021-06-16 14:11:59,92.0
460,12,-16.40302,-48.97656,153,BR-153,80,2021-06-16 14:12:02,95.0
461,5,-16.09674,-48.28355,60,BR-060,80,2021-06-16 14:12:04,96.0
462,16,-16.67802,-49.2315,153,BR-153,60,2021-06-16 14:12:05,67.0
463,2,-15.91659,-48.16415,60,BR-060,80,2021-06-16 14:12:09,89.0
464,3,-15.96028,-48.17768,60,BR-060,110,2021-06-16 14:12:09,126.0
465,10,-16.19193,-48.72584,60,BR-060,60,2021-06-16 14:12:12,71.0
466,3,-15.96028,-48.17768,60,BR-060,110,2021-06-16 14:12:13,129.0
467,16,-16.67802,-49.2315,153,BR-153,60,2021-06-16 14:12:13,80.0
468,5,-16.09674,-48.28355,60,BR-060,80,2021-06-16 14:12:15,99.0
469,4,-16.03327,-48.25366,60,BR-060,80,2021-06-16 14:12:17,95.0
470,2,-15.91659,-48.16415,60,BR-060,80,2021-06-16 14:12:25,96.0
471,8,-16.10673,-48.52509,60,BR-060,110,2021-06-16 14:12:29,123.0
472,12,-16.40302,-48.97656,153,BR-153,80,2021-06-16 14:12:37,102.0
473,10,-16.19193,-48.72584,60,BR-060,60,2021-06-16 14:12:39,77.0
474,12,-16.40302,-48.97656,153,BR-153,80,2021-06-16 14:12:44,100.0
475,9,-16.1616,-48.61825,60,BR-060,80,2021-06-16 14:12:45,90.0
476,10,-16.19193,-48.72584,60,BR-060,60,2021-06-16 14:12:51,71.0
477,12,-16.40302,-48.97656,153,BR-153,80,2021-06-16 14:12:54,102.0
478,10,-16.19193,-48.72584,60,BR-060,60,2021-06-16 14:12:54,70.0
479,4,-16.03327,-48.25366,60,BR-060,80,2021-06-16 14:12:56,97.0
480,4,-16.03327,-48.25366,60,BR-060,80,2021-06-16 14:13:00,100.0
481,12,-16.40302,-48.97656,153,BR-153,80,2021-06-16 14:13:01,89.0
482,10,-16.19193,-48.72584,60,BR-060,60,2021-06-16 14:13:02,79.0
483,2,-15.91659,-48.16415,60,BR-060,80,2021-06-16 14:13:02,90.0
484,12,-16.40302,-48.97656,153,BR-153,80,2021-06-16 14:13:04,92.0
485,5,-16.09674,-48.28355,60,BR-060,80,2021-06-16 14:13:05,95.0
486,14,-16.49387,-49.10238,153,BR-153,80,2021-06-16 14:13:06,89.0
487,7,-16.12116,-48.42643,60,BR-060,80,2021-06-16 14:13:07,98.0
488,5,-16.09674,-48.28355,60,BR-060,80,2021-06-16 14:13:18,95.0
489,12,-16.40302,-48.97656,153,BR-153,80,2021-06-16 14:13:19,94.0
490,6,-16.11098,-48.35244,60,BR-060,80,2021-06-16 14:13:21,94.0
491,15,-16.60038,-49.19999,153,BR-153,80,2021-06-16 14:13:24,94.0
492,4,-16.03327,-48.25366,60,BR-060,80,2021-06-16 14:13:30,102.0
493,13,-16.45644,-49.05583,153,BR-153,80,2021-06-16 14:13:30,90.0
494,10,-16.19193,-48.72584,60,BR-060,60,2021-06-16 14:13:32,67.0
495,15,-16.60038,-49.19999,153,BR-153,80,2021-06-16 14:13:34,94.0
496,11,-16.32675,-48.88167,60,BR-060,110,2021-06-16 14:13:36,123.0
497,1,-15.88707,-48.07561,60,BR-060,110,2021-06-16 14:13:45,135.0
498,16,-16.67802,-49.2315,153,BR-153,60,2021-06-16 14:13:47,69.0
499,4,-16.03327,-48.25366,60,BR-060,80,2021-06-16 14:13:51,97.0
500,15,-16.60038,-49.19999,153,BR-153,80,2021-06-16 14:13:52,94.0
501,11,-16.32675,-48.88167,60,BR-060,110,2021-06-16 14:13:53,134.0
502,12,-16.40302,-48.97656,153,BR-153,80,2021-06-16 14:13:55,97.0
503,10,-16.19193,-48.72584,60,BR-060,60,2021-06-16 14:13:56,73.0
504,13,-16.45644,-49.05583,153,BR-153,80,2021-06-16 14:13:57,94.0
505,2,-15.91659,-48.16415,60,BR-060,80,2021-06-16 14:14:01,98.0
506,7,-16.12116,-48.42643,60,BR-060,80,2021-06-16 14:14:04,94.0
507,10,-16.19193,-48.72584,60,BR-060,60,2021-06-16 14:14:10,79.0
508,2,-15.91659,-48.16415,60,BR-060,80,2021-06-16 14:14:10,89.0
509,3,-15.96028,-48.17768,60,BR-060,110,2021-06-16 14:14:14,122.0
510,10,-16.19193,-48.72584,60,BR-060,60,2021-06-16 14:14:14,72.0
511,16,-16.67802,-49.2315,153,BR-153,60,2021-06-16 14:14:17,70.0
512,12,-16.40302,-48.97656,153,BR-153,80,2021-06-16 14:14:21,100.0
513,12,-16.40302,-48.97656,153,BR-153,80,2021-06-16 14:14:23,99.0
514,15,-16.60038,-49.19999,153,BR-153,80,2021-06-16 14:14:23,93.0
515,1,-15.88707,-48.07561,60,BR-060,110,2021-06-16 14:14:25,129.0
516,10,-16.19193,-48.72584,60,BR-060,60,2021-06-16 14:14:25,73.0
517,12,-16.40302,-48.97656,153,BR-153,80,2021-06-16 14:14:27,99.0
518,3,-15.96028,-48.17768,60,BR-060,110,2021-06-16 14:14:27,131.0
519,6,-16.11098,-48.35244,60,BR-060,80,2021-06-16 14:14:30,96.0
520,8,-16.10673,-48.52509,60,BR-060,110,2021-06-16 14:14:32,122.0
521,16,-16.67802,-49.2315,153,BR-153,60,2021-06-16 14:14:32,67.0
522,4,-16.03327,-48.25366,60,BR-060,80,2021-06-16 14:14:38,96.0
523,13,-16.45644,-49.05583,153,BR-153,80,2021-06-16 14:14:41,101.0
524,5,-16.09674,-48.28355,60,BR-060,80,2021-06-16 14:14:42,92.0
525,12,-16.40302,-48.97656,153,BR-153,80,2021-06-16 14:14:42,100.0
526,15,-16.60038,-49.19999,153,BR-153,80,2021-06-16 14:14:50,102.0
527,16,-16.67802,-49.2315,153,BR-153,60,2021-06-16 14:14:51,70.0
528,4,-16.03327,-48.25366,60,BR-060,80,2021-06-16 14:14:51,92.0
529,10,-16.19193,-48.72584,60,BR-060,60,2021-06-16 14:14:53,78.0
530,12,-16.40302,-48.97656,153,BR-153,80,2021-06-16 14:15:02,97.0
531,3,-15.96028,-48.17768,60,BR-060,110,2021-06-16 14:15:02,130.0
532,5,-16.09674,-48.28355,60,BR-060,80,2021-06-16 14:15:03,94.0
533,12,-16.40302,-48.97656,153,BR-153,80,2021-06-16 14:15:04,100.0
534,10,-16.19193,-48.72584,60,BR-060,60,2021-06-16 14:15:08,67.0
535,3,-15.96028,-48.17768,60,BR-060,110,2021-06-16 14:15:08,134.0
536,3,-15.96028,-48.17768,60,BR-060,110,2021-06-16 14:15:09,124.0
537,11,-16.32675,-48.88167,60,BR-060,110,2021-06-16 14:15:09,132.0
538,16,-16.67802,-49.2315,153,BR-153,60,2021-06-16 14:15:14,73.0
539,12,-16.40302,-48.97656,153,BR-153,80,2021-06-16 14:15:15,95.0
540,15,-16.60038,-49.19999,153,BR-153,80,2021-06-16 14:15:17,91.0
541,12,-16.40302,-48.97656,153,BR-153,80,2021-06-16 14:15:23,93.0
542,9,-16.1616,-48.61825,60,BR-060,80,2021-06-16 14:15:31,100.0
543,12,-16.40302,-48.97656,153,BR-153,80,2021-06-16 14:15:32,101.0
544,3,-15.96028,-48.17768,60,BR-060,110,2021-06-16 14:15:35,124.0
545,3,-15.96028,-48.17768,60,BR-060,110,2021-06-16 14:15:37,124.0
546,12,-16.40302,-48.97656,153,BR-153,80,2021-06-16 14:15:38,91.0
547,3,-15.96028,-48.17768,60,BR-060,110,2021-06-16 14:15:42,126.0
548,10,-16.19193,-48.72584,60,BR-060,60,2021-06-16 14:15:44,72.0
549,16,-16.67802,-49.2315,153,BR-153,60,2021-06-16 14:15:52,79.0
550,16,-16.67802,-49.2315,153,BR-153,60,2021-06-16 14:15:53,69.0
551,12,-16.40302,-48.97656,153,BR-153,80,2021-06-16 14:15:56,100.0
552,1,-15.88707,-48.07561,60,BR-060,110,2021-06-16 14:15:57,129.0
553,3,-15.96028,-48.17768,60,BR-060,110,2021-06-16 14:15:58,129.0
554,12,-16.40302,-48.97656,153,BR-153,80,2021-06-16 14:15:58,94.0
555,3,-15.96028,-48.17768,60,BR-060,110,2021-06-16 14:15:59,125.0
556,3,-15.96028,-48.17768,60,BR-060,110,2021-06-16 14:16:00,128.0
557,10,-16.19193,-48.72584,60,BR-060,60,2021-06-16 14:16:01,77.0
558,12,-16.40302,-48.97656,153,BR-153,80,2021-06-16 14:16:01,101.0
559,2,-15.91659,-48.16415,60,BR-060,80,2021-06-16 14:16:01,92.0
560,3,-15.96028,-48.17768,60,BR-060,110,2021-06-16 14:16:02,130.0
561,10,-16.19193,-48.72584,60,BR-060,60,2021-06-16 14:16:02,73.0
562,11,-16.32675,-48.88167,60,BR-060,110,2021-06-16 14:16:03,129.0
563,7,-16.12116,-48.42643,60,BR-060,80,2021-06-16 14:16:04,89.0
564,12,-16.40302,-48.97656,153,BR-153,80,2021-06-16 14:16:08,102.0
565,8,-16.10673,-48.52509,60,BR-060,110,2021-06-16 14:16:08,124.0
566,15,-16.60038,-49.19999,153,BR-153,80,2021-06-16 14:16:09,100.0
567,10,-16.19193,-48.72584,60,BR-060,60,2021-06-16 14:16:13,72.0
568,14,-16.49387,-49.10238,153,BR-153,80,2021-06-16 14:16:17,94.0
569,8,-16.10673,-48.52509,60,BR-060,110,2021-06-16 14:16:18,126.0
570,6,-16.11098,-48.35244,60,BR-060,80,2021-06-16 14:16:19,90.0
571,12,-16.40302,-48.97656,153,BR-153,80,2021-06-16 14:16:20,94.0
572,16,-16.67802,-49.2315,153,BR-153,60,2021-06-16 14:16:22,72.0
573,8,-16.10673,-48.52509,60,BR-060,110,2021-06-16 14:16:24,131.0
574,4,-16.03327,-48.25366,60,BR-060,80,2021-06-16 14:16:25,95.0
575,8,-16.10673,-48.52509,60,BR-060,110,2021-06-16 14:16:28,135.0
576,16,-16.67802,-49.2315,153,BR-153,60,2021-06-16 14:16:29,76.0
577,6,-16.11098,-48.35244,60,BR-060,80,2021-06-16 14:16:29,92.0
578,12,-16.40302,-48.97656,153,BR-153,80,2021-06-16 14:16:32,96.0
579,3,-15.96028,-48.17768,60,BR-060,110,2021-06-16 14:16:41,123.0
580,5,-16.09674,-48.28355,60,BR-060,80,2021-06-16 14:16:45,91.0
581,1,-15.88707,-48.07561,60,BR-060,110,2021-06-16 14:16:46,131.0
582,10,-16.19193,-48.72584,60,BR-060,60,2021-06-16 14:16:46,70.0
583,12,-16.40302,-48.97656,153,BR-153,80,2021-06-16 14:16:48,95.0
584,3,-15.96028,-48.17768,60,BR-060,110,2021-06-16 14:16:49,131.0
585,4,-16.03327,-48.25366,60,BR-060,80,2021-06-16 14:16:51,89.0
586,14,-16.49387,-49.10238,153,BR-153,80,2021-06-16 14:16:52,93.0
587,2,-15.91659,-48.16415,60,BR-060,80,2021-06-16 14:16:54,99.0
588,6,-16.11098,-48.35244,60,BR-060,80,2021-06-16 14:16:54,97.0
589,4,-16.03327,-48.25366,60,BR-060,80,2021-06-16 14:16:57,99.0
590,10,-16.19193,-48.72584,60,BR-060,60,2021-06-16 14:17:00,67.0
591,16,-16.67802,-49.2315,153,BR-153,60,2021-06-16 14:17:03,74.0
592,12,-16.40302,-48.97656,153,BR-153,80,2021-06-16 14:17:07,95.0
593,3,-15.96028,-48.17768,60,BR-060,110,2021-06-16 14:17:08,128.0
594,6,-16.11098,-48.35244,60,BR-060,80,2021-06-16 14:17:08,95.0
595,5,-16.09674,-48.28355,60,BR-060,80,2021-06-16 14:17:09,102.0
596,14,-16.49387,-49.10238,153,BR-153,80,2021-06-16 14:17:18,90.0
597,15,-16.60038,-49.19999,153,BR-153,80,2021-06-16 14:17:24,89.0
598,4,-16.03327,-48.25366,60,BR-060,80,2021-06-16 14:17:25,100.0
599,12,-16.40302,-48.97656,153,BR-153,80,2021-06-16 14:17:31,95.0
600,2,-15.91659,-48.16415,60,BR-060,80,2021-06-16 14:17:31,97.0
601,15,-16.60038,-49.19999,153,BR-153,80,2021-06-16 14:17:33,93.0
602,12,-16.40302,-48.97656,153,BR-153,80,2021-06-16 14:17:34,91.0
603,12,-16.40302,-48.97656,153,BR-153,80,2021-06-16 14:17:34,100.0
604,12,-16.40302,-48.97656,153,BR-153,80,2021-06-16 14:17:35,102.0
605,15,-16.60038,-49.19999,153,BR-153,80,2021-06-16 14:17:37,100.0
606,11,-16.32675,-48.88167,60,BR-060,110,2021-06-16 14:17:39,131.0
607,8,-16.10673,-48.52509,60,BR-060,110,2021-06-16 14:17:41,131.0
608,12,-16.40302,-48.97656,153,BR-153,80,2021-06-16 14:17:44,91.0
609,2,-15.91659,-48.16415,60,BR-060,80,2021-06-16 14:17:45,99.0
610,3,-15.96028,-48.17768,60,BR-060,110,2021-06-16 14:17:47,133.0
611,16,-16.67802,-49.2315,153,BR-153,60,2021-06-16 14:17:49,70.0
612,2,-15.91659,-48.16415,60,BR-060,80,2021-06-16 14:17:52,101.0
613,10,-16.19193,-48.72584,60,BR-060,60,2021-06-16 14:17:52,70.0
614,6,-16.11098,-48.35244,60,BR-060,80,2021-06-16 14:17:53,96.0
615,3,-15.96028,-48.17768,60,BR-060,110,2021-06-16 14:17:55,123.0
616,10,-16.19193,-48.72584,60,BR-060,60,2021-06-16 14:17:59,76.0
617,10,-16.19193,-48.72584,60,BR-060,60,2021-06-16 14:18:01,74.0
618,13,-16.45644,-49.05583,153,BR-153,80,2021-06-16 14:18:03,98.0
619,4,-16.03327,-48.25366,60,BR-060,80,2021-06-16 14:18:05,90.0
620,12,-16.40302,-48.97656,153,BR-153,80,2021-06-16 14:18:06,96.0
621,14,-16.49387,-49.10238,153,BR-153,80,2021-06-16 14:18:09,93.0
622,1,-15.88707,-48.07561,60,BR-060,110,2021-06-16 14:18:10,133.0
623,10,-16.19193,-48.72584,60,BR-060,60,2021-06-16 14:18:20,69.0
624,7,-16.12116,-48.42643,60,BR-060,80,2021-06-16 14:18:21,96.0
625,13,-16.45644,-49.05583,153,BR-153,80,2021-06-16 14:18:22,97.0
626,15,-16.60038,-49.19999,153,BR-153,80,2021-06-16 14:18:25,99.0
627,7,-16.12116,-48.42643,60,BR-060,80,2021-06-16 14:18:28,94.0
628,5,-16.09674,-48.28355,60,BR-060,80,2021-06-16 14:18:29,93.0
629,5,-16.09674,-48.28355,60,BR-060,80,2021-06-16 14:18:31,94.0
630,8,-16.10673,-48.52509,60,BR-060,110,2021-06-16 14:18:42,129.0
631,6,-16.11098,-48.35244,60,BR-060,80,2021-06-16 14:18:51,92.0
632,4,-16.03327,-48.25366,60,BR-060,80,2021-06-16 14:18:53,91.0
633,10,-16.19193,-48.72584,60,BR-060,60,2021-06-16 14:18:56,76.0
634,13,-16.45644,-49.05583,153,BR-153,80,2021-06-16 14:18:56,97.0
635,9,-16.1616,-48.61825,60,BR-060,80,2021-06-16 14:18:57,94.0
636,15,-16.60038,-49.19999,153,BR-153,80,2021-06-16 14:18:57,90.0
637,2,-15.91659,-48.16415,60,BR-060,80,2021-06-16 14:19:02,96.0
638,4,-16.03327,-48.25366,60,BR-060,80,2021-06-16 14:19:03,92.0
639,4,-16.03327,-48.25366,60,BR-060,80,2021-06-16 14:19:04,101.0
640,16,-16.67802,-49.2315,153,BR-153,60,2021-06-16 14:19:04,77.0
641,8,-16.10673,-48.52509,60,BR-060,110,2021-06-16 14:19:05,134.0
642,10,-16.19193,-48.72584,60,BR-060,60,2021-06-16 14:19:08,78.0
643,15,-16.60038,-49.19999,153,BR-153,80,2021-06-16 14:19:17,98.0
644,11,-16.32675,-48.88167,60,BR-060,110,2021-06-16 14:19:21,127.0
645,13,-16.45644,-49.05583,153,BR-153,80,2021-06-16 14:19:24,95.0
646,7,-16.12116,-48.42643,60,BR-060,80,2021-06-16 14:19:28,97.0
647,2,-15.91659,-48.16415,60,BR-060,80,2021-06-16 14:19:29,90.0
648,10,-16.19193,-48.72584,60,BR-060,60,2021-06-16 14:19:30,78.0
649,4,-16.03327,-48.25366,60,BR-060,80,2021-06-16 14:19:30,101.0
650,14,-16.49387,-49.10238,153,BR-153,80,2021-06-16 14:19:31,92.0
651,8,-16.10673,-48.52509,60,BR-060,110,2021-06-16 14:19:33,123.0
652,4,-16.03327,-48.25366,60,BR-060,80,2021-06-16 14:19:35,99.0
653,2,-15.91659,-48.16415,60,BR-060,80,2021-06-16 14:19:40,96.0
654,10,-16.19193,-48.72584,60,BR-060,60,2021-06-16 14:19:40,73.0
655,15,-16.60038,-49.19999,153,BR-153,80,2021-06-16 14:19:46,102.0
656,14,-16.49387,-49.10238,153,BR-153,80,2021-06-16 14:19:49,95.0
657,2,-15.91659,-48.16415,60,BR-060,80,2021-06-16 14:19:49,97.0
658,4,-16.03327,-48.25366,60,BR-060,80,2021-06-16 14:19:52,98.0
659,15,-16.60038,-49.19999,153,BR-153,80,2021-06-16 14:19:53,101.0
660,12,-16.40302,-48.97656,153,BR-153,80,2021-06-16 14:19:53,102.0
661,9,-16.1616,-48.61825,60,BR-060,80,2021-06-16 14:19:54,95.0
662,9,-16.1616,-48.61825,60,BR-060,80,2021-06-16 14:19:58,96.0
663,3,-15.96028,-48.17768,60,BR-060,110,2021-06-16 14:19:59,130.0
664,3,-15.96028,-48.17768,60,BR-060,110,2021-06-16 14:20:01,134.0
665,10,-16.19193,-48.72584,60,BR-060,60,2021-06-16 14:20:02,76.0
666,10,-16.19193,-48.72584,60,BR-060,60,2021-06-16 14:20:03,68.0
667,14,-16.49387,-49.10238,153,BR-153,80,2021-06-16 14:20:03,90.0
668,12,-16.40302,-48.97656,153,BR-153,80,2021-06-16 14:20:04,89.0
669,3,-15.96028,-48.17768,60,BR-060,110,2021-06-16 14:20:04,124.0
670,16,-16.67802,-49.2315,153,BR-153,60,2021-06-16 14:20:07,77.0
671,16,-16.67802,-49.2315,153,BR-153,60,2021-06-16 14:20:08,68.0
672,10,-16.19193,-48.72584,60,BR-060,60,2021-06-16 14:20:12,80.0
673,3,-15.96028,-48.17768,60,BR-060,110,2021-06-16 14:20:14,135.0
674,4,-16.03327,-48.25366,60,BR-060,80,2021-06-16 14:20:16,94.0
675,2,-15.91659,-48.16415,60,BR-060,80,2021-06-16 14:20:17,96.0
676,5,-16.09674,-48.28355,60,BR-060,80,2021-06-16 14:20:18,92.0
677,10,-16.19193,-48.72584,60,BR-060,60,2021-06-16 14:20:20,73.0
678,3,-15.96028,-48.17768,60,BR-060,110,2021-06-16 14:20:21,129.0
679,15,-16.60038,-49.19999,153,BR-153,80,2021-06-16 14:20:22,102.0
680,11,-16.32675,-48.88167,60,BR-060,110,2021-06-16 14:20:24,123.0
681,12,-16.40302,-48.97656,153,BR-153,80,2021-06-16 14:20:29,97.0
682,16,-16.67802,-49.2315,153,BR-153,60,2021-06-16 14:20:29,71.0
683,12,-16.40302,-48.97656,153,BR-153,80,2021-06-16 14:20:30,92.0
684,4,-16.03327,-48.25366,60,BR-060,80,2021-06-16 14:20:33,94.0
685,4,-16.03327,-48.25366,60,BR-060,80,2021-06-16 14:20:33,99.0
686,10,-16.19193,-48.72584,60,BR-060,60,2021-06-16 14:20:36,69.0
687,2,-15.91659,-48.16415,60,BR-060,80,2021-06-16 14:20:36,95.0
688,8,-16.10673,-48.52509,60,BR-060,110,2021-06-16 14:20:37,124.0
689,2,-15.91659,-48.16415,60,BR-060,80,2021-06-16 14:20:37,90.0
690,4,-16.03327,-48.25366,60,BR-060,80,2021-06-16 14:20:39,98.0
691,3,-15.96028,-48.17768,60,BR-060,110,2021-06-16 14:20:40,124.0
692,4,-16.03327,-48.25366,60,BR-060,80,2021-06-16 14:20:40,99.0
693,6,-16.11098,-48.35244,60,BR-060,80,2021-06-16 14:20:44,90.0
694,7,-16.12116,-48.42643,60,BR-060,80,2021-06-16 14:20:46,96.0
695,3,-15.96028,-48.17768,60,BR-060,110,2021-06-16 14:20:48,123.0
696,15,-16.60038,-49.19999,153,BR-153,80,2021-06-16 14:20:48,97.0
697,4,-16.03327,-48.25366,60,BR-060,80,2021-06-16 14:20:55,94.0
698,5,-16.09674,-48.28355,60,BR-060,80,2021-06-16 14:20:55,94.0
699,10,-16.19193,-48.72584,60,BR-060,60,2021-06-16 14:21:04,78.0
700,14,-16.49387,-49.10238,153,BR-153,80,2021-06-16 14:21:06,93.0
701,3,-15.96028,-48.17768,60,BR-060,110,2021-06-16 14:21:12,129.0
702,4,-16.03327,-48.25366,60,BR-060,80,2021-06-16 14:21:13,93.0
703,7,-16.12116,-48.42643,60,BR-060,80,2021-06-16 14:21:13,97.0
704,13,-16.45644,-49.05583,153,BR-153,80,2021-06-16 14:21:15,100.0
705,4,-16.03327,-48.25366,60,BR-060,80,2021-06-16 14:21:16,96.0
706,10,-16.19193,-48.72584,60,BR-060,60,2021-06-16 14:21:16,73.0
707,12,-16.40302,-48.97656,153,BR-153,80,2021-06-16 14:21:18,90.0
708,12,-16.40302,-48.97656,153,BR-153,80,2021-06-16 14:21:22,98.0
709,10,-16.19193,-48.72584,60,BR-060,60,2021-06-16 14:21:22,74.0
710,9,-16.1616,-48.61825,60,BR-060,80,2021-06-16 14:21:25,95.0
711,3,-15.96028,-48.17768,60,BR-060,110,2021-06-16 14:21:30,127.0
712,11,-16.32675,-48.88167,60,BR-060,110,2021-06-16 14:21:36,129.0
713,12,-16.40302,-48.97656,153,BR-153,80,2021-06-16 14:21:38,97.0
714,6,-16.11098,-48.35244,60,BR-060,80,2021-06-16 14:21:39,92.0
715,4,-16.03327,-48.25366,60,BR-060,80,2021-06-16 14:21:40,91.0
716,12,-16.40302,-48.97656,153,BR-153,80,2021-06-16 14:21:44,92.0
717,8,-16.10673,-48.52509,60,BR-060,110,2021-06-16 14:21:51,130.0
718,2,-15.91659,-48.16415,60,BR-060,80,2021-06-16 14:21:51,91.0
719,7,-16.12116,-48.42643,60,BR-060,80,2021-06-16 14:21:52,97.0
720,12,-16.40302,-48.97656,153,BR-153,80,2021-06-16 14:21:56,91.0
721,2,-15.91659,-48.16415,60,BR-060,80,2021-06-16 14:21:58,96.0
722,9,-16.1616,-48.61825,60,BR-060,80,2021-06-16 14:22:01,99.0
723,11,-16.32675,-48.88167,60,BR-060,110,2021-06-16 14:22:04,123.0
724,10,-16.19193,-48.72584,60,BR-060,60,2021-06-16 14:22:04,68.0
725,4,-16.03327,-48.25366,60,BR-060,80,2021-06-16 14:22:04,100.0
726,16,-16.67802,-49.2315,153,BR-153,60,2021-06-16 14:22:08,75.0
727,10,-16.19193,-48.72584,60,BR-060,60,2021-06-16 14:22:08,72.0
728,12,-16.40302,-48.97656,153,BR-153,80,2021-06-16 14:22:09,99.0
729,10,-16.19193,-48.72584,60,BR-060,60,2021-06-16 14:22:09,78.0
730,2,-15.91659,-48.16415,60,BR-060,80,2021-06-16 14:22:10,102.0
731,16,-16.67802,-49.2315,153,BR-153,60,2021-06-16 14:22:12,75.0
732,12,-16.40302,-48.97656,153,BR-153,80,2021-06-16 14:22:18,91.0
733,7,-16.12116,-48.42643,60,BR-060,80,2021-06-16 14:22:26,98.0
734,3,-15.96028,-48.17768,60,BR-060,110,2021-06-16 14:22:27,127.0
735,3,-15.96028,-48.17768,60,BR-060,110,2021-06-16 14:22:28,135.0
736,9,-16.1616,-48.61825,60,BR-060,80,2021-06-16 14:22:28,92.0
737,12,-16.40302,-48.97656,153,BR-153,80,2021-06-16 14:22:29,95.0
738,10,-16.19193,-48.72584,60,BR-060,60,2021-06-16 14:22:31,79.0
739,3,-15.96028,-48.17768,60,BR-060,110,2021-06-16 14:22:35,135.0
740,14,-16.49387,-49.10238,153,BR-153,80,2021-06-16 14:22:36,94.0
741,8,-16.10673,-48.52509,60,BR-060,110,2021-06-16 14:22:38,124.0
742,3,-15.96028,-48.17768,60,BR-060,110,2021-06-16 14:22:40,123.0
743,13,-16.45644,-49.05583,153,BR-153,80,2021-06-16 14:22:41,99.0
744,12,-16.40302,-48.97656,153,BR-153,80,2021-06-16 14:22:44,102.0
745,10,-16.19193,-48.72584,60,BR-060,60,2021-06-16 14:22:45,72.0
746,4,-16.03327,-48.25366,60,BR-060,80,2021-06-16 14:22:49,96.0
747,3,-15.96028,-48.17768,60,BR-060,110,2021-06-16 14:22:50,123.0
748,3,-15.96028,-48.17768,60,BR-060,110,2021-06-16 14:22:51,123.0
749,10,-16.19193,-48.72584,60,BR-060,60,2021-06-16 14:22:51,68.0
750,2,-15.91659,-48.16415,60,BR-060,80,2021-06-16 14:23:03,90.0
751,15,-16.60038,-49.19999,153,BR-153,80,2021-06-16 14:23:04,93.0
752,3,-15.96028,-48.17768,60,BR-060,110,2021-06-16 14:23:04,127.0
753,4,-16.03327,-48.25366,60,BR-060,80,2021-06-16 14:23:09,93.0
754,11,-16.32675,-48.88167,60,BR-060,110,2021-06-16 14:23:10,122.0
755,2,-15.91659,-48.16415,60,BR-060,80,2021-06-16 14:23:10,100.0
756,4,-16.03327,-48.25366,60,BR-060,80,2021-06-16 14:23:10,91.0
757,4,-16.03327,-48.25366,60,BR-060,80,2021-06-16 14:23:11,102.0
758,15,-16.60038,-49.19999,153,BR-153,80,2021-06-16 14:23:15,100.0
759,5,-16.09674,-48.28355,60,BR-060,80,2021-06-16 14:23:15,90.0
760,8,-16.10673,-48.52509,60,BR-060,110,2021-06-16 14:23:16,135.0
761,16,-16.67802,-49.2315,153,BR-153,60,2021-06-16 14:23:20,69.0
762,15,-16.60038,-49.19999,153,BR-153,80,2021-06-16 14:23:21,94.0
763,4,-16.03327,-48.25366,60,BR-060,80,2021-06-16 14:23:21,92.0
764,5,-16.09674,-48.28355,60,BR-060,80,2021-06-16 14:23:22,101.0
765,4,-16.03327,-48.25366,60,BR-060,80,2021-06-16 14:23:25,96.0
766,14,-16.49387,-49.10238,153,BR-153,80,2021-06-16 14:23:27,98.0
767,5,-16.09674,-48.28355,60,BR-060,80,2021-06-16 14:23:28,98.0
768,12,-16.40302,-48.97656,153,BR-153,80,2021-06-16 14:23:29,91.0
769,15,-16.60038,-49.19999,153,BR-153,80,2021-06-16 14:23:30,91.0
770,1,-15.88707,-48.07561,60,BR-060,110,2021-06-16 14:23:30,132.0
771,12,-16.40302,-48.97656,153,BR-153,80,2021-06-16 14:23:31,99.0
772,12,-16.40302,-48.97656,153,BR-153,80,2021-06-16 14:23:35,96.0
773,3,-15.96028,-48.17768,60,BR-060,110,2021-06-16 14:23:36,131.0
774,2,-15.91659,-48.16415,60,BR-060,80,2021-06-16 14:23:37,99.0
775,11,-16.32675,-48.88167,60,BR-060,110,2021-06-16 14:23:44,130.0
776,8,-16.10673,-48.52509,60,BR-060,110,2021-06-16 14:23:46,127.0
777,12,-16.40302,-48.97656,153,BR-153,80,2021-06-16 14:23:46,90.0
778,3,-15.96028,-48.17768,60,BR-060,110,2021-06-16 14:23:48,127.0
779,12,-16.40302,-48.97656,153,BR-153,80,2021-06-16 14:23:51,92.0
780,10,-16.19193,-48.72584,60,BR-060,60,2021-06-16 14:23:53,76.0
781,12,-16.40302,-48.97656,153,BR-153,80,2021-06-16 14:23:54,102.0
782,4,-16.03327,-48.25366,60,BR-060,80,2021-06-16 14:23:56,100.0
783,1,-15.88707,-48.07561,60,BR-060,110,2021-06-16 14:23:59,134.0
784,3,-15.96028,-48.17768,60,BR-060,110,2021-06-16 14:24:00,123.0
785,3,-15.96028,-48.17768,60,BR-060,110,2021-06-16 14:24:04,135.0
786,15,-16.60038,-49.19999,153,BR-153,80,2021-06-16 14:24:04,91.0
787,12,-16.40302,-48.97656,153,BR-153,80,2021-06-16 14:24:04,92.0
788,16,-16.67802,-49.2315,153,BR-153,60,2021-06-16 14:24:08,79.0
789,4,-16.03327,-48.25366,60,BR-060,80,2021-06-16 14:24:08,96.0
790,15,-16.60038,-49.19999,153,BR-153,80,2021-06-16 14:24:10,99.0
791,12,-16.40302,-48.97656,153,BR-153,80,2021-06-16 14:24:12,90.0
792,12,-16.40302,-48.97656,153,BR-153,80,2021-06-16 14:24:13,101.0
793,12,-16.40302,-48.97656,153,BR-153,80,2021-06-16 14:24:18,98.0
794,16,-16.67802,-49.2315,153,BR-153,60,2021-06-16 14:24:22,77.0
795,6,-16.11098,-48.35244,60,BR-060,80,2021-06-16 14:24:23,102.0
796,15,-16.60038,-49.19999,153,BR-153,80,2021-06-16 14:24:31,90.0
797,9,-16.1616,-48.61825,60,BR-060,80,2021-06-16 14:24:33,90.0
798,10,-16.19193,-48.72584,60,BR-060,60,2021-06-16 14:24:34,72.0
799,3,-15.96028,-48.17768,60,BR-060,110,2021-06-16 14:24:35,132.0
800,3,-15.96028,-48.17768,60,BR-060,110,2021-06-16 14:24:35,122.0
801,2,-15.91659,-48.16415,60,BR-060,80,2021-06-16 14:24:40,89.0
802,12,-16.40302,-48.97656,153,BR-153,80,2021-06-16 14:24:45,102.0
803,12,-16.40302,-48.97656,153,BR-153,80,2021-06-16 14:24:46,90.0
804,12,-16.40302,-48.97656,153,BR-153,80,2021-06-16 14:24:47,89.0
805,9,-16.1616,-48.61825,60,BR-060,80,2021-06-16 14:24:48,99.0
806,14,-16.49387,-49.10238,153,BR-153,80,2021-06-16 14:24:55,91.0
807,11,-16.32675,-48.88167,60,BR-060,110,2021-06-16 14:24:58,132.0
808,7,-16.12116,-48.42643,60,BR-060,80,2021-06-16 14:24:58,91.0
809,10,-16.19193,-48.72584,60,BR-060,60,2021-06-16 14:24:58,72.0
810,3,-15.96028,-48.17768,60,BR-060,110,2021-06-16 14:25:01,122.0
811,10,-16.19193,-48.72584,60,BR-060,60,2021-06-16 14:25:02,75.0
812,9,-16.1616,-48.61825,60,BR-060,80,2021-06-16 14:25:03,97.0
813,9,-16.1616,-48.61825,60,BR-060,80,2021-06-16 14:25:04,98.0
814,11,-16.32675,-48.88167,60,BR-060,110,2021-06-16 14:25:07,122.0
815,10,-16.19193,-48.72584,60,BR-060,60,2021-06-16 14:25:09,74.0
816,11,-16.32675,-48.88167,60,BR-060,110,2021-06-16 14:25:10,122.0
817,2,-15.91659,-48.16415,60,BR-060,80,2021-06-16 14:25:10,99.0
818,8,-16.10673,-48.52509,60,BR-060,110,2021-06-16 14:25:14,128.0
819,12,-16.40302,-48.97656,153,BR-153,80,2021-06-16 14:25:14,94.0
820,3,-15.96028,-48.17768,60,BR-060,110,2021-06-16 14:25:16,134.0
821,4,-16.03327,-48.25366,60,BR-060,80,2021-06-16 14:25:17,99.0
822,2,-15.91659,-48.16415,60,BR-060,80,2021-06-16 14:25:17,101.0
823,12,-16.40302,-48.97656,153,BR-153,80,2021-06-16 14:25:18,93.0
824,5,-16.09674,-48.28355,60,BR-060,80,2021-06-16 14:25:20,97.0
825,15,-16.60038,-49.19999,153,BR-153,80,2021-06-16 14:25:26,102.0
826,10,-16.19193,-48.72584,60,BR-060,60,2021-06-16 14:25:28,80.0
827,1,-15.88707,-48.07561,60,BR-060,110,2021-06-16 14:25:30,122.0
828,3,-15.96028,-48.17768,60,BR-060,110,2021-06-16 14:25:32,133.0
829,3,-15.96028,-48.17768,60,BR-060,110,2021-06-16 14:25:34,127.0
830,4,-16.03327,-48.25366,60,BR-060,80,2021-06-16 14:25:34,98.0
831,9,-16.1616,-48.61825,60,BR-060,80,2021-06-16 14:25:40,94.0
832,4,-16.03327,-48.25366,60,BR-060,80,2021-06-16 14:25:41,101.0
833,3,-15.96028,-48.17768,60,BR-060,110,2021-06-16 14:25:50,135.0
834,10,-16.19193,-48.72584,60,BR-060,60,2021-06-16 14:25:50,68.0
835,10,-16.19193,-48.72584,60,BR-060,60,2021-06-16 14:25:54,74.0
836,2,-15.91659,-48.16415,60,BR-060,80,2021-06-16 14:25:54,89.0
837,3,-15.96028,-48.17768,60,BR-060,110,2021-06-16 14:25:56,127.0
838,10,-16.19193,-48.72584,60,BR-060,60,2021-06-16 14:25:56,78.0
839,5,-16.09674,-48.28355,60,BR-060,80,2021-06-16 14:25:56,97.0
840,11,-16.32675,-48.88167,60,BR-060,110,2021-06-16 14:25:56,128.0
841,15,-16.60038,-49.19999,153,BR-153,80,2021-06-16 14:25:57,99.0
842,10,-16.19193,-48.72584,60,BR-060,60,2021-06-16 14:25:59,70.0
843,4,-16.03327,-48.25366,60,BR-060,80,2021-06-16 14:26:01,97.0
844,4,-16.03327,-48.25366,60,BR-060,80,2021-06-16 14:26:02,93.0
845,4,-16.03327,-48.25366,60,BR-060,80,2021-06-16 14:26:02,100.0
846,4,-16.03327,-48.25366,60,BR-060,80,2021-06-16 14:26:03,94.0
847,15,-16.60038,-49.19999,153,BR-153,80,2021-06-16 14:26:04,98.0
848,4,-16.03327,-48.25366,60,BR-060,80,2021-06-16 14:26:13,91.0
849,12,-16.40302,-48.97656,153,BR-153,80,2021-06-16 14:26:14,97.0
850,10,-16.19193,-48.72584,60,BR-060,60,2021-06-16 14:26:14,76.0
851,16,-16.67802,-49.2315,153,BR-153,60,2021-06-16 14:26:16,68.0
852,10,-16.19193,-48.72584,60,BR-060,60,2021-06-16 14:26:17,80.0
853,2,-15.91659,-48.16415,60,BR-060,80,2021-06-16 14:26:18,90.0
854,4,-16.03327,-48.25366,60,BR-060,80,2021-06-16 14:26:20,101.0
855,10,-16.19193,-48.72584,60,BR-060,60,2021-06-16 14:26:20,69.0
856,12,-16.40302,-48.97656,153,BR-153,80,2021-06-16 14:26:21,90.0
857,16,-16.67802,-49.2315,153,BR-153,60,2021-06-16 14:26:21,75.0
858,6,-16.11098,-48.35244,60,BR-060,80,2021-06-16 14:26:21,90.0
859,2,-15.91659,-48.16415,60,BR-060,80,2021-06-16 14:26:21,92.0
860,15,-16.60038,-49.19999,153,BR-153,80,2021-06-16 14:26:22,95.0
861,16,-16.67802,-49.2315,153,BR-153,60,2021-06-16 14:26:23,67.0
862,9,-16.1616,-48.61825,60,BR-060,80,2021-06-16 14:26:24,92.0
863,4,-16.03327,-48.25366,60,BR-060,80,2021-06-16 14:26:26,98.0
864,3,-15.96028,-48.17768,60,BR-060,110,2021-06-16 14:26:31,130.0
865,16,-16.67802,-49.2315,153,BR-153,60,2021-06-16 14:26:32,73.0
866,12,-16.40302,-48.97656,153,BR-153,80,2021-06-16 14:26:33,92.0
867,5,-16.09674,-48.28355,60,BR-060,80,2021-06-16 14:26:33,98.0
868,12,-16.40302,-48.97656,153,BR-153,80,2021-06-16 14:26:37,98.0
869,11,-16.32675,-48.88167,60,BR-060,110,2021-06-16 14:26:44,135.0
870,4,-16.03327,-48.25366,60,BR-060,80,2021-06-16 14:26:48,96.0
871,12,-16.40302,-48.97656,153,BR-153,80,2021-06-16 14:26:50,94.0
872,4,-16.03327,-48.25366,60,BR-060,80,2021-06-16 14:26:50,96.0
873,10,-16.19193,-48.72584,60,BR-060,60,2021-06-16 14:26:55,70.0
874,8,-16.10673,-48.52509,60,BR-060,110,2021-06-16 14:26:55,124.0
875,10,-16.19193,-48.72584,60,BR-060,60,2021-06-16 14:26:56,75.0
876,4,-16.03327,-48.25366,60,BR-060,80,2021-06-16 14:26:59,102.0
877,3,-15.96028,-48.17768,60,BR-060,110,2021-06-16 14:27:02,129.0
878,5,-16.09674,-48.28355,60,BR-060,80,2021-06-16 14:27:03,97.0
879,3,-15.96028,-48.17768,60,BR-060,110,2021-06-16 14:27:03,130.0
880,5,-16.09674,-48.28355,60,BR-060,80,2021-06-16 14:27:06,97.0
881,12,-16.40302,-48.97656,153,BR-153,80,2021-06-16 14:27:07,97.0
882,10,-16.19193,-48.72584,60,BR-060,60,2021-06-16 14:27:09,72.0
883,12,-16.40302,-48.97656,153,BR-153,80,2021-06-16 14:27:13,100.0
884,16,-16.67802,-49.2315,153,BR-153,60,2021-06-16 14:27:13,74.0
885,4,-16.03327,-48.25366,60,BR-060,80,2021-06-16 14:27:15,92.0
886,3,-15.96028,-48.17768,60,BR-060,110,2021-06-16 14:27:15,124.0
887,4,-16.03327,-48.25366,60,BR-060,80,2021-06-16 14:27:20,98.0
888,16,-16.67802,-49.2315,153,BR-153,60,2021-06-16 14:27:21,69.0
889,10,-16.19193,-48.72584,60,BR-060,60,2021-06-16 14:27:26,70.0
890,8,-16.10673,-48.52509,60,BR-060,110,2021-06-16 14:27:26,129.0
891,10,-16.19193,-48.72584,60,BR-060,60,2021-06-16 14:27:31,76.0
892,13,-16.45644,-49.05583,153,BR-153,80,2021-06-16 14:27:31,89.0
893,9,-16.1616,-48.61825,60,BR-060,80,2021-06-16 14:27:31,95.0
894,16,-16.67802,-49.2315,153,BR-153,60,2021-06-16 14:27:33,75.0
895,2,-15.91659,-48.16415,60,BR-060,80,2021-06-16 14:27:35,92.0
896,11,-16.32675,-48.88167,60,BR-060,110,2021-06-16 14:27:37,122.0
897,10,-16.19193,-48.72584,60,BR-060,60,2021-06-16 14:27:38,69.0
898,10,-16.19193,-48.72584,60,BR-060,60,2021-06-16 14:27:40,71.0
899,14,-16.49387,-49.10238,153,BR-153,80,2021-06-16 14:27:42,89.0
900,2,-15.91659,-48.16415,60,BR-060,80,2021-06-16 14:27:46,95.0
901,5,-16.09674,-48.28355,60,BR-060,80,2021-06-16 14:27:47,98.0
902,12,-16.40302,-48.97656,153,BR-153,80,2021-06-16 14:27:47,94.0
903,3,-15.96028,-48.17768,60,BR-060,110,2021-06-16 14:27:54,130.0
904,7,-16.12116,-48.42643,60,BR-060,80,2021-06-16 14:27:58,93.0
905,4,-16.03327,-48.25366,60,BR-060,80,2021-06-16 14:27:59,94.0
906,14,-16.49387,-49.10238,153,BR-153,80,2021-06-16 14:28:01,94.0
907,4,-16.03327,-48.25366,60,BR-060,80,2021-06-16 14:28:01,93.0
908,3,-15.96028,-48.17768,60,BR-060,110,2021-06-16 14:28:04,124.0
909,10,-16.19193,-48.72584,60,BR-060,60,2021-06-16 14:28:04,70.0
910,16,-16.67802,-49.2315,153,BR-153,60,2021-06-16 14:28:04,68.0
911,2,-15.91659,-48.16415,60,BR-060,80,2021-06-16 14:28:04,90.0
912,4,-16.03327,-48.25366,60,BR-060,80,2021-06-16 14:28:06,96.0
913,3,-15.96028,-48.17768,60,BR-060,110,2021-06-16 14:28:15,131.0
914,16,-16.67802,-49.2315,153,BR-153,60,2021-06-16 14:28:16,70.0
915,3,-15.96028,-48.17768,60,BR-060,110,2021-06-16 14:28:18,124.0
916,6,-16.11098,-48.35244,60,BR-060,80,2021-06-16 14:28:21,94.0
917,4,-16.03327,-48.25366,60,BR-060,80,2021-06-16 14:28:23,92.0
918,2,-15.91659,-48.16415,60,BR-060,80,2021-06-16 14:28:27,89.0
919,3,-15.96028,-48.17768,60,BR-060,110,2021-06-16 14:28:28,122.0
920,7,-16.12116,-48.42643,60,BR-060,80,2021-06-16 14:28:28,100.0
921,10,-16.19193,-48.72584,60,BR-060,60,2021-06-16 14:28:29,75.0
922,7,-16.12116,-48.42643,60,BR-060,80,2021-06-16 14:28:29,89.0
923,6,-16.11098,-48.35244,60,BR-060,80,2021-06-16 14:28:29,93.0
924,10,-16.19193,-48.72584,60,BR-060,60,2021-06-16 14:28:31,74.0
925,9,-16.1616,-48.61825,60,BR-060,80,2021-06-16 14:28:32,90.0
926,12,-16.40302,-48.97656,153,BR-153,80,2021-06-16 14:28:32,90.0
927,16,-16.67802,-49.2315,153,BR-153,60,2021-06-16 14:28:34,79.0
928,3,-15.96028,-48.17768,60,BR-060,110,2021-06-16 14:28:34,132.0
929,12,-16.40302,-48.97656,153,BR-153,80,2021-06-16 14:28:34,98.0
930,3,-15.96028,-48.17768,60,BR-060,110,2021-06-16 14:28:39,128.0
931,3,-15.96028,-48.17768,60,BR-060,110,2021-06-16 14:28:40,126.0
932,5,-16.09674,-48.28355,60,BR-060,80,2021-06-16 14:28:43,102.0
933,4,-16.03327,-48.25366,60,BR-060,80,2021-06-16 14:28:46,100.0
934,4,-16.03327,-48.25366,60,BR-060,80,2021-06-16 14:28:47,99.0
935,3,-15.96028,-48.17768,60,BR-060,110,2021-06-16 14:28:47,128.0
936,10,-16.19193,-48.72584,60,BR-060,60,2021-06-16 14:28:48,67.0
937,3,-15.96028,-48.17768,60,BR-060,110,2021-06-16 14:28:50,123.0
938,10,-16.19193,-48.72584,60,BR-060,60,2021-06-16 14:28:53,79.0
939,4,-16.03327,-48.25366,60,BR-060,80,2021-06-16 14:28:56,91.0
940,15,-16.60038,-49.19999,153,BR-153,80,2021-06-16 14:29:01,90.0
941,12,-16.40302,-48.97656,153,BR-153,80,2021-06-16 14:29:02,99.0
942,5,-16.09674,-48.28355,60,BR-060,80,2021-06-16 14:29:04,99.0
943,7,-16.12116,-48.42643,60,BR-060,80,2021-06-16 14:29:04,96.0
944,10,-16.19193,-48.72584,60,BR-060,60,2021-06-16 14:29:05,74.0
945,4,-16.03327,-48.25366,60,BR-060,80,2021-06-16 14:29:05,102.0
946,10,-16.19193,-48.72584,60,BR-060,60,2021-06-16 14:29:08,75.0
947,5,-16.09674,-48.28355,60,BR-060,80,2021-06-16 14:29:10,93.0
948,4,-16.03327,-48.25366,60,BR-060,80,2021-06-16 14:29:11,90.0
949,1,-15.88707,-48.07561,60,BR-060,110,2021-06-16 14:29:12,129.0
950,12,-16.40302,-48.97656,153,BR-153,80,2021-06-16 14:29:13,101.0
951,10,-16.19193,-48.72584,60,BR-060,60,2021-06-16 14:29:15,73.0
952,3,-15.96028,-48.17768,60,BR-060,110,2021-06-16 14:29:22,129.0
953,5,-16.09674,-48.28355,60,BR-060,80,2021-06-16 14:29:23,93.0
954,13,-16.45644,-49.05583,153,BR-153,80,2021-06-16 14:29:24,93.0
955,15,-16.60038,-49.19999,153,BR-153,80,2021-06-16 14:29:26,98.0
956,2,-15.91659,-48.16415,60,BR-060,80,2021-06-16 14:29:28,90.0
957,15,-16.60038,-49.19999,153,BR-153,80,2021-06-16 14:29:29,94.0
958,12,-16.40302,-48.97656,153,BR-153,80,2021-06-16 14:29:30,92.0
959,4,-16.03327,-48.25366,60,BR-060,80,2021-06-16 14:29:34,92.0
960,4,-16.03327,-48.25366,60,BR-060,80,2021-06-16 14:29:40,98.0
961,12,-16.40302,-48.97656,153,BR-153,80,2021-06-16 14:29:42,92.0
962,14,-16.49387,-49.10238,153,BR-153,80,2021-06-16 14:29:42,101.0
963,2,-15.91659,-48.16415,60,BR-060,80,2021-06-16 14:29:43,96.0
964,4,-16.03327,-48.25366,60,BR-060,80,2021-06-16 14:29:45,102.0
965,16,-16.67802,-49.2315,153,BR-153,60,2021-06-16 14:29:46,80.0
966,10,-16.19193,-48.72584,60,BR-060,60,2021-06-16 14:29:46,78.0
967,4,-16.03327,-48.25366,60,BR-060,80,2021-06-16 14:29:47,91.0
968,7,-16.12116,-48.42643,60,BR-060,80,2021-06-16 14:29:53,93.0
969,6,-16.11098,-48.35244,60,BR-060,80,2021-06-16 14:29:57,98.0
970,5,-16.09674,-48.28355,60,BR-060,80,2021-06-16 14:29:57,98.0
971,3,-15.96028,-48.17768,60,BR-060,110,2021-06-16 14:29:58,123.0
972,4,-16.03327,-48.25366,60,BR-060,80,2021-06-16 14:29:59,94.0
973,9,-16.1616,-48.61825,60,BR-060,80,2021-06-16 14:29:59,91.0
974,4,-16.03327,-48.25366,60,BR-060,80,2021-06-16 14:30:00,89.0
975,4,-16.03327,-48.25366,60,BR-060,80,2021-06-16 14:30:02,99.0
976,12,-16.40302,-48.97656,153,BR-153,80,2021-06-16 14:30:03,101.0
977,6,-16.11098,-48.35244,60,BR-060,80,2021-06-16 14:30:04,93.0
978,10,-16.19193,-48.72584,60,BR-060,60,2021-06-16 14:30:05,71.0
979,10,-16.19193,-48.72584,60,BR-060,60,2021-06-16 14:30:06,73.0
980,14,-16.49387,-49.10238,153,BR-153,80,2021-06-16 14:30:12,92.0
981,1,-15.88707,-48.07561,60,BR-060,110,2021-06-16 14:30:16,132.0
982,15,-16.60038,-49.19999,153,BR-153,80,2021-06-16 14:30:16,99.0
983,7,-16.12116,-48.42643,60,BR-060,80,2021-06-16 14:30:19,91.0
984,15,-16.60038,-49.19999,153,BR-153,80,2021-06-16 14:30:21,90.0
985,4,-16.03327,-48.25366,60,BR-060,80,2021-06-16 14:30:21,92.0
986,11,-16.32675,-48.88167,60,BR-060,110,2021-06-16 14:30:24,123.0
987,2,-15.91659,-48.16415,60,BR-060,80,2021-06-16 14:30:30,92.0
988,3,-15.96028,-48.17768,60,BR-060,110,2021-06-16 14:30:32,132.0
989,16,-16.67802,-49.2315,153,BR-153,60,2021-06-16 14:30:34,77.0
990,2,-15.91659,-48.16415,60,BR-060,80,2021-06-16 14:30:34,100.0
991,3,-15.96028,-48.17768,60,BR-060,110,2021-06-16 14:30:39,124.0
